Designator,Footprint,Quantity,Value,LCSC Part #
"C1, C2, C3",0603,3,0.1uF,
C4,C_Elec_6.3x7.7,1,100uF,
J1,DF11CZ-16DP-2V,1,CONN,
J10,1p,1,CONN_12V_CTL,
J11,1p,1,CONN_12V_GND,
J12,1p,1,CONN_TASK_CTL,
J13,1p,1,CONN_TASK_GND,
J14,1p,1,CONN_5V_CTL,
J15,1p,1,CONN_5V_GND,
J16,1p,1,CONN_COM_CTL,
J17,1p,1,CONN_COM_GND,
J18,1p,1,CONN_LOW_CTL,
J19,1p,1,CONN_LOW_GND,
J2,1p,1,CONN_RESET_CTL,
J20,1p,1,CONN_ERROR_CTL,
J21,1p,1,CONN_ERROR_GND,
J3,1p,1,CONN_RESET_GND,
J4,1p,1,CONN_USB_5V,
J5,1p,1,CONN_USB_CTL,
J6,1p,1,CONN_INPUT_CTL,
J7,1p,1,CONN_INPUT_GND,
J8,1p,1,CONN_RS485_CTL,
J9,1p,1,CONN_RS485_GND,
"R1, R2, R3, R4, R5, R6, R7, R8, R9",0603,9,270R,
U1,Sx39-1xxxxx,1,2281SB,
U2,SOP-20_7.5x12.8mm_P1.27mm,1,TM1637,
