Designator,Footprint,Quantity,Value,LCSC Part #
"C1, C11, C12, C13, C15, C17, C18, C2, C3, C4, C5, C6, C7, C8",0603,14,0.1uF,
"C10, C9",0603,2,15pF,
"C14, C16",1206,2,10uF,
"D1, D4",D_SOD-123F,2,GS1010FL,
"D10, D11",0603,2,LED_G,
"D12, D14",0603,2,LED_B,
"D16, D17",0603,2,LED_R,
"D19, D22, D23, D24, D25, D26, D27, D28, D29, D30, D7, D8, D9",0603,13,LED_O,
"D2, D3",D_SMA_Handsoldering,2,SMAJ45A,
"D5, D6",D_SOD-123F,2,SS2040FL,
F1,1206,1,MF-NSMF050,
J1,PinSocket_1x06_P2.54mm_Vertical,1,CONN_ICSP,
J10,TB401-1-4-E,1,CONN_UMBILICAL,
J11,DF11B-8DP-2DS,1,CONN_SORENOID_VALVE,
J12,TB411-2-2-E-1,1,RELAY_POWER,
J15,TB401-1-4-E,1,CONN_RS485,
J2,TB401-1-4-E,1,CONN_USB,
J3,USB_Micro-B_Wuerth_629105150521,1,USB_B_Micro,
J4,TB411-2-2-E-1,1,DC_IN,
J5,TB411-2-2-E-1,1,TO_CONVERTER,
J6,TB411-2-2-E-1,1,FROM_CONVERTER,
J7,DF51A-14DP-2DS,1,CONN_STATUS_PANEL,
J8,DF51A-22DP-2DS,1,CONN_PANEL_BAORD_2,
J9,TB401-1-4-E,1,CONN_N2O_PRESS,
L1,1210,1,10uH,
"Q1, Q2",TO-252-2,2,TJ8S06M3L,
"Q10, Q11, Q12, Q4, Q5, Q6, Q7, Q8, Q9",SOT-23,9,AO3400A,
Q3,SC-59_Handsoldering,1,2SC3325-Y,
"R1, R14, R15, R16, R17, R21, R22, R25, R27, R33, R52, R56, R6, R69, R7, R73, R77, R81, R85, R88, TH1",0603,21,10kR,
"R10, R23, R29, R32, R35, R37, R38, R39, R4, R41, R42, R43, R44, R45, R46, R47, R50, R51, R59, R60, R61, R62, R63, R64, R65, R66, R67, R9",0603,28,1kR,
R11,0603,1,5.6R,
R12,0603,1,3.3R,
"R13, R18",2816,2,0.1R2W,
"R19, R20",0603,2,300R,
"R2, R3",0603,2,22R,
"R24, R31, R49, R55, R68, R72, R76, R80, R84",0603,9,200R,
R26,0603,1,120R,
R28,0603,1,3.6kR,
R30,0603,1,2.4kR,
"R34, R36",0603,2,2.2kR,
"R40, R54, R58, R71, R75, R79, R83, R87",0603,8,2kR,
"R48, R53, R57, R70, R74, R78, R82, R86",0603,8,12kR,
R5,0603,1,1MR,
R8,0603,1,240R,
"SW1, SW17, SW2",TVAF06-A020B-R,3,SW_Push,
"SW11, SW18, SW19, SW20, SW21, SW22, SW23, SW24, SW25",PinHeader_1x02_P2.54mm_Vertical,9,SW_Push,
TP1,TestPoint_THTPad_D2.5mm_Drill1.2mm,1,TP_INPUT,
TP2,TestPoint_THTPad_D2.5mm_Drill1.2mm,1,TP_12V,
TP3,TestPoint_THTPad_D2.5mm_Drill1.2mm,1,TP_5V,
TP4,TestPoint_THTPad_D2.5mm_Drill1.2mm,1,TP_GND,
U1,SSOP-28_5.3x10.2mm_P0.65mm,1,FT232RL,
U2,TQFP-100_14x14mm_P0.5mm,1,ATMEGA2560-16AUR,
U3,TO-252-2,1,NJM7805SDL1,
"U4, U5",SOT-23-8,2,INA219BIDCNT,
"U6, U7",DIP-4_W10.16mm,2,TLP785F,
U8,DIP-8_W7.62mm,1,LTC485CN8#PBF,
U9,DIP-16_W7.62mm,1,MCP3208,
Y1,Crystal_HC49-U_Vertical,1,HUSG-16.000-20,
