Designator,Footprint,Quantity,Value,LCSC Part #
"C1, C11, C12, C13, C15, C17, C18, C2, C3, C5, C6, C7, C8",0603,13,0.1uF,
"C10, C9",0603,2,15pF,
"C14, C16",1206,2,10uF,
C4,DX_5R5VxxxxU_D19.0mm_P5.00mm,1,1F,
"D1, D4",D_SOD-123F,2,GS1010FL,
"D10, D11",0603,2,LED_G,
"D12, D13, D14, D15",0603,4,LED_B,
"D16, D17",0603,2,LED_R,
"D19, D20, D21, D22, D23, D24, D25, D26, D27, D28, D29, D7, D8, D9",0603,14,LED_O,
"D2, D3",D_SMA_Handsoldering,2,SMAJ45A,
"D5, D6",D_SOD-123F,2,SS2040FL,
F1,1206,1,MF-NSMF050,
J1,PinSocket_1x06_P2.54mm_Vertical,1,CONN_ICSP,
J10,TB401-1-2-E,1,CONN_AUDIO,
J11,RJ45_Wuerth_7499010001A_Horizontal,1,RJ45,
J12,TB401-1-2-E,1,CONN_SPEAKER,
J2,TB401-1-4-E,1,CONN_USB,
J3,USB_Micro-B_Wuerth_629105150521,1,USB_B_Micro,
J4,TB411-2-2-E-1,1,DC_IN,
J5,TB411-2-2-E-1,1,TO_CONVERTER,
J6,TB411-2-2-E-1,1,FROM_CONVERTER,
J7,DF51A-14DP-2DS,1,CONN_STATUS_PANEL,
J8,DF51A-22DP-2DS,1,CONN_PANEL_BAORD_2,
J9,DF51A-18DP-2DS,1,CONN_PANEL_BAORD_1,
L1,1210,1,10uH,
"Q1, Q2",TO-252-2,2,TJ8S06M3L,
Q3,SC-59_Handsoldering,1,2SC3325-Y,
"R1, R15, R16, R17, R21, R22, R25, R6, R7, TH1",0603,10,10kR,
"R10, R29, R31, R32, R33, R34, R35, R36, R37, R38, R39, R4, R40, R41, R42, R43, R44, R45, R46, R47, R48, R49, R50, R51, R52, R54, R55, R56, R57, R59, R60, R61, R62, R63, R64, R65, R66, R67, R8, R9",0603,40,1kR,
R11,0603,1,5.6R,
R12,0603,1,3.3R,
"R13, R18",2816,2,0.1R2W,
R14,0603,1,22kR,
"R19, R20",0603,2,12kR,
"R2, R3",0603,2,22R,
"R23, R24",0603,2,2kR,
R26,0603,1,120R,
R28,0603,1,3.6kR,
R30,0603,1,2.4kR,
R5,0603,1,1MR,
"SW1, SW17, SW2",TVAF06-A020B-R,3,SW_Push,
"SW11, SW12, SW13, SW14, SW15, SW16, SW18, SW19, SW20, SW21, SW22, SW23, SW24, SW25",PinHeader_1x02_P2.54mm_Vertical,14,SW_Push,
TP1,TestPoint_THTPad_D2.5mm_Drill1.2mm,1,TP_INPUT,
TP2,TestPoint_THTPad_D2.5mm_Drill1.2mm,1,TP_12V,
TP3,TestPoint_THTPad_D2.5mm_Drill1.2mm,1,TP_5V,
TP4,TestPoint_THTPad_D2.5mm_Drill1.2mm,1,TP_GND,
U1,SSOP-28_5.3x10.2mm_P0.65mm,1,FT232RL,
U2,TQFP-100_14x14mm_P0.5mm,1,ATMEGA2560-16AUR,
U3,TO-252-2,1,NJM7805SDL1,
"U4, U5",SOT-23-8,2,INA219BIDCNT,
U6,DFPlayer-mini,1,DFPlayer,
U7,DIP-8_W7.62mm,1,24LC256,
U8,DIP-8_W7.62mm,1,LTC485CN8#PBF,
Y1,Crystal_HC49-U_Vertical,1,HUSG-16.000-20,
