﻿Designator,Footprint,Quantity,Value,LCSC Part #
"C1, C2",0603,2,15pF,
"C10, C11, C13, C15, C16, C17, C18, C3, C4, C5, C6, C7, C8, C9",0603,14,0.1uF,
"C12, C14",1206,2,10uF,
"D1, D27, D28, D29, D30, D31, D32, D33, D34, D35, D5",D_SOD-123F,11,GS1010FL,
"D10, D8",0603,2,LED_B,
"D11, D12, D17, D18, D19, D2, D20, D21, D22, D23, D24, D25, D26, D9",0603,14,LED_O,
"D13, D15",0603,2,LED_R,
"D14, D16",0603,2,LED_G,
"D3, D4",D_SMA_Handsoldering,2,SMAJ45A,
"D6, D7",D_SOD-123F,2,SS2040FL,
F1,1206,1,MF-NSMF050,
J1,PinSocket_1x06_P2.54mm_Vertical,1,CONN_ICSP,
J10,TB401-1-4-E,1,CONN_N2O_PRESS,
J11,TB401-1-4-E,1,CONN_UMBILICAL,
J12,TB411-2-2-E-1,1,RELAY_POWER,
J13,TB411-2-2-E-1,1,IGNITOR,
J14,DF51A-8DP-2DS,1,CONN_SORENOID_VALVE,
J2,TB401-1-4-E,1,CONN_USB,
J3,USB_Micro-B_Wuerth_629105150521,1,USB_B_Micro,
J4,TB411-2-2-E-1,1,TO_CONVERTER,
J5,TB411-2-2-E-1,1,FROM_CONVERTER,
J6,TB411-2-2-E-1,1,DC_IN,
J7,DF51A-14DP-2DS,1,CONN_STATUS_PANEL,
J8,DF51A-22DP-2DS,1,CONN_PANEL_BAORD_2,
J9,TB401-1-4-E,1,CONN_RS485,
L1,1210,1,10uH,
"Q1, Q3",TO-252-2,2,TJ8S06M3L,
"Q10, Q11, Q12, Q13, Q4, Q5, Q6, Q7, Q8, Q9",SOT-23,10,AO3400A,
Q2,SC-59_Handsoldering,1,2SC3325-Y,
"R1, R14, R15, R16, R19, R20, R21, R22, R5, R50, R52, R56, R58, R60, R68, R7, R70, R76, R78, R8, R80, TH1",0603,22,10kR,
"R10, R9",0603,2,22R,
"R11, R27, R29, R3, R31, R32, R34, R36, R37, R38, R39, R4, R40, R41, R42, R43, R44, R45, R46, R47, R48, R6",0603,22,1kR,
R12,0603,1,5.6kR,
R13,0603,1,3.3kR,
"R17, R18",2816,2,0.1R2W,
R2,0603,1,1MR,
"R23, R49, R51, R55, R57, R59, R67, R69, R75, R77, R79",0603,11,120R,
R24,0603,1,240R,
"R25, R26",0603,2,300R,
R28,0603,1,3.6kR,
R30,0603,1,2.4kR,
"R33, R35",0603,2,2.2kR,
"R53, R61, R63, R65, R71, R73, R81, R83",0603,8,56kR,
"R54, R62, R64, R66, R72, R74, R82, R84",0603,8,33kR,
"SW1, SW2, SW4",TVAF06-A020B-R,3,SW_Push,
SW3,PinHeader_1x02_P2.54mm_Vertical,1,SW_Push,
TP1,TestPoint_THTPad_D2.5mm_Drill1.2mm,1,TP_INPUT,
TP2,TestPoint_THTPad_D2.5mm_Drill1.2mm,1,TP_12V,
TP3,TestPoint_THTPad_D2.5mm_Drill1.2mm,1,TP_5V,
TP4,TestPoint_THTPad_D2.5mm_Drill1.2mm,1,TP_GND,
U1,TQFP-100_14x14mm_P0.5mm,1,ATMEGA2560-16AUR,
U2,SSOP-28_5.3x10.2mm_P0.65mm,1,FT232RL,
U3,TO-252-2,1,NJM7805SDL1,
"U4, U5",SOT-23-8,2,INA219BIDCNT,
U6,DIP-8_W7.62mm,1,LTC485CN8#PBF,
"U7, U8",DIP-4_W10.16mm,2,TLP785F,
U9,DIP-16_W7.62mm,1,MCP3208,
Y1,Crystal_HC49-U_Vertical,1,HUSG-16.000-20,
